{
    "name": "root",
    "gauges": {
        "Hummingbird.Policy.Entropy.mean": {
            "value": 1.4059816598892212,
            "min": 1.4059816598892212,
            "max": 1.416774868965149,
            "count": 10
        },
        "Hummingbird.Policy.ExtrinsicValueEstimate.mean": {
            "value": 0.00974812638014555,
            "min": -0.17456358671188354,
            "max": 0.023000579327344894,
            "count": 10
        },
        "Hummingbird.Environment.EpisodeLength.mean": {
            "value": 999.0,
            "min": 999.0,
            "max": 999.0,
            "count": 10
        },
        "Hummingbird.Environment.CumulativeReward.mean": {
            "value": 0.16256166477592623,
            "min": -0.21875,
            "max": 0.28140580654144287,
            "count": 10
        },
        "Hummingbird.Policy.ExtrinsicReward.mean": {
            "value": 0.16256166477592623,
            "min": -0.21875,
            "max": 0.28140580654144287,
            "count": 10
        },
        "Hummingbird.Losses.ValueLoss.mean": {
            "value": 0.012663962319493294,
            "min": 9.665323159424588e-05,
            "max": 0.020456120371818542,
            "count": 10
        },
        "Hummingbird.Losses.PolicyLoss.mean": {
            "value": 0.02277667447924614,
            "min": 0.022572124376893044,
            "max": 0.0261385478079319,
            "count": 10
        },
        "Hummingbird.Policy.LearningRate.mean": {
            "value": 1.6469852198497392e-05,
            "min": 1.6469852198497392e-05,
            "max": 0.00028421758906915784,
            "count": 10
        },
        "Hummingbird.Policy.Epsilon.mean": {
            "value": 0.10548992455005646,
            "min": 0.10548992455005646,
            "max": 0.1947391778230667,
            "count": 10
        },
        "Hummingbird.Policy.Beta.mean": {
            "value": 0.00028394695254974067,
            "min": 0.00028394695254974067,
            "max": 0.004737486131489277,
            "count": 10
        },
        "Hummingbird.IsTraining.mean": {
            "value": 1.0,
            "min": 1.0,
            "max": 1.0,
            "count": 10
        }
    },
    "metadata": {
        "timer_format_version": "0.1.0",
        "start_time_seconds": "1649833188",
        "python_version": "3.7.9 (tags/v3.7.9:13c94747c7, Aug 17 2020, 18:58:18) [MSC v.1900 64 bit (AMD64)]",
        "command_line_arguments": "C:\\Users\\jackl\\Documents\\GitHub\\HummingBird\\venv\\Scripts\\mlagents-learn config/Hummingbird.yaml --run-id=Hb_09",
        "mlagents_version": "0.20.0",
        "mlagents_envs_version": "0.20.0",
        "communication_protocol_version": "1.1.0",
        "tensorflow_version": "2.7.1",
        "numpy_version": "1.18.5",
        "end_time_seconds": "1649834405"
    },
    "total": 1216.9835882,
    "count": 1,
    "self": 0.2986793000000034,
    "children": {
        "run_training.setup": {
            "total": 0.03942250000000058,
            "count": 1,
            "self": 0.03942250000000058
        },
        "TrainerController.start_learning": {
            "total": 1216.6454864,
            "count": 1,
            "self": 2.1217846999743415,
            "children": {
                "TrainerController._reset_env": {
                    "total": 12.6440367,
                    "count": 1,
                    "self": 12.6440367
                },
                "TrainerController.advance": {
                    "total": 1201.6271283000256,
                    "count": 83396,
                    "self": 1.0349239000506714,
                    "children": {
                        "env_step": {
                            "total": 1200.592204399975,
                            "count": 83396,
                            "self": 1130.8659146999394,
                            "children": {
                                "SubprocessEnvManager._take_step": {
                                    "total": 68.67170680001368,
                                    "count": 83396,
                                    "self": 2.365333299988251,
                                    "children": {
                                        "TFPolicy.evaluate": {
                                            "total": 66.30637350002543,
                                            "count": 83396,
                                            "self": 66.30637350002543
                                        }
                                    }
                                },
                                "workers": {
                                    "total": 1.0545829000218738,
                                    "count": 83396,
                                    "self": 0.0,
                                    "children": {
                                        "worker_root": {
                                            "total": 1202.2500360999982,
                                            "count": 83396,
                                            "is_parallel": true,
                                            "self": 191.12602950000473,
                                            "children": {
                                                "steps_from_proto": {
                                                    "total": 0.0035234000000006205,
                                                    "count": 1,
                                                    "is_parallel": true,
                                                    "self": 0.002273600000002318,
                                                    "children": {
                                                        "_process_vector_observation": {
                                                            "total": 0.0012497999999983023,
                                                            "count": 8,
                                                            "is_parallel": true,
                                                            "self": 0.0012497999999983023
                                                        }
                                                    }
                                                },
                                                "UnityEnvironment.step": {
                                                    "total": 1011.1204831999935,
                                                    "count": 83396,
                                                    "is_parallel": true,
                                                    "self": 14.148587000012071,
                                                    "children": {
                                                        "UnityEnvironment._generate_step_input": {
                                                            "total": 9.28191629998316,
                                                            "count": 83396,
                                                            "is_parallel": true,
                                                            "self": 9.28191629998316
                                                        },
                                                        "communicator.exchange": {
                                                            "total": 937.0487180999951,
                                                            "count": 83396,
                                                            "is_parallel": true,
                                                            "self": 937.0487180999951
                                                        },
                                                        "steps_from_proto": {
                                                            "total": 50.64126180000308,
                                                            "count": 83396,
                                                            "is_parallel": true,