{
    "name": "root",
    "gauges": {
        "Hummingbird.Policy.Entropy.mean": {
            "value": 1.4142426252365112,
            "min": 1.4135884046554565,
            "max": 1.4196563959121704,
            "count": 10
        },
        "Hummingbird.Policy.ExtrinsicValueEstimate.mean": {
            "value": 0.020482655614614487,
            "min": 0.007723850663751364,
            "max": 0.05038706213235855,
            "count": 10
        },
        "Hummingbird.Losses.ValueLoss.mean": {
            "value": 0.03104114904999733,
            "min": 0.0004136473289690912,
            "max": 0.03104114904999733,
            "count": 10
        },
        "Hummingbird.Losses.PolicyLoss.mean": {
            "value": 0.026343215256929398,
            "min": 0.02156377211213112,
            "max": 0.026910940185189247,
            "count": 10
        },
        "Hummingbird.Policy.LearningRate.mean": {
            "value": 1.6435293218819425e-05,
            "min": 1.6435293218819425e-05,
            "max": 0.0002841312380041927,
            "count": 10
        },
        "Hummingbird.Policy.Epsilon.mean": {
            "value": 0.10547840595245361,
            "min": 0.10547840595245361,
            "max": 0.1947104036808014,
            "count": 10
        },
        "Hummingbird.Policy.Beta.mean": {
            "value": 0.0002833721518982202,
            "min": 0.0002833721518982202,
            "max": 0.004736049100756645,
            "count": 10
        },
        "Hummingbird.Environment.EpisodeLength.mean": {
            "value": 999.0,
            "min": 999.0,
            "max": 999.0,
            "count": 10
        },
        "Hummingbird.Environment.CumulativeReward.mean": {
            "value": 0.1623148818810781,
            "min": -0.5804955313603083,
            "max": 0.39442597846595606,
            "count": 10
        },
        "Hummingbird.Policy.ExtrinsicReward.mean": {
            "value": 0.1623148818810781,
            "min": -0.5804955313603083,
            "max": 0.39442597846595606,
            "count": 10
        },
        "Hummingbird.IsTraining.mean": {
            "value": 1.0,
            "min": 1.0,
            "max": 1.0,
            "count": 10
        }
    },
    "metadata": {
        "timer_format_version": "0.1.0",
        "start_time_seconds": "1649665805",
        "python_version": "3.7.9 (tags/v3.7.9:13c94747c7, Aug 17 2020, 18:58:18) [MSC v.1900 64 bit (AMD64)]",
        "command_line_arguments": "C:\\Users\\jackl\\Documents\\GitHub\\HummingBird\\venv\\Scripts\\mlagents-learn config/Hummingbird.yaml --run-id=Hb_08",
        "mlagents_version": "0.20.0",
        "mlagents_envs_version": "0.20.0",
        "communication_protocol_version": "1.1.0",
        "tensorflow_version": "2.7.1",
        "numpy_version": "1.18.5",
        "end_time_seconds": "1649667227"
    },
    "total": 1421.6659539999998,
    "count": 1,
    "self": 0.30666199999996024,
    "children": {
        "run_training.setup": {
            "total": 0.018274599999999808,
            "count": 1,
            "self": 0.018274599999999808
        },
        "TrainerController.start_learning": {
            "total": 1421.3410173999998,
            "count": 1,
            "self": 1.1870825999837962,
            "children": {
                "TrainerController._reset_env": {
                    "total": 18.370431,
                    "count": 1,
                    "self": 18.370431
                },
                "TrainerController.advance": {
                    "total": 1401.5391423000158,
                    "count": 41714,
                    "self": 0.5642362000153298,
                    "children": {
                        "env_step": {
                            "total": 1400.9749061000005,
                            "count": 41714,
                            "self": 1360.3026959999938,
                            "children": {
                                "SubprocessEnvManager._take_step": {
                                    "total": 40.063253600006036,
                                    "count": 41714,
                                    "self": 1.4949179000040829,
                                    "children": {
                                        "TFPolicy.evaluate": {
                                            "total": 38.56833570000195,
                                            "count": 41714,
                                            "self": 38.56833570000195
                                        }
                                    }
                                },
                                "workers": {
                                    "total": 0.6089565000005059,
                                    "count": 41714,
                                    "self": 0.0,
                                    "children": {
                                        "worker_root": {
                                            "total": 1401.933160900023,
                                            "count": 41714,
                                            "is_parallel": true,
                                            "self": 121.1654125000207,
                                            "children": {
                                                "steps_from_proto": {
                                                    "total": 0.00385270000000304,
                                                    "count": 1,
                                                    "is_parallel": true,
                                                    "self": 0.0022404000000015856,
                                                    "children": {
                                                        "_process_vector_observation": {
                                                            "total": 0.0016123000000014542,
                                                            "count": 8,
                                                            "is_parallel": true,
                                                            "self": 0.0016123000000014542
                                                        }
                                                    }
                                                },
                                                "UnityEnvironment.step": {
                                                    "total": 1280.7638957000024,
                                                    "count": 41714,
                                                    "is_parallel": true,
                                                    "self": 13.981914599995434,
                                                    "children": {
                                                        "UnityEnvironment._generate_step_input": {
                                                            "total": 10.367408800003204,
                                                            "count": 41714,
                                                            "is_parallel": true,
                                                            "self": 10.367408800003204
                                                        },
                                                        "communicator.exchange": {
                                                            "total": 1206.123651500014,
                                                            "count": 41714,
                                                            "is_parallel": true,
                                                            "self": 1206.123651500014
                                                        },
                                                        "steps_from_proto": {
                                                            "total": 50.29092079998989,
                                                            "count": 41714,
                                                            "is_parallel": true,